30,0,0,0,0,0,0
532,-7004,3108,-14824,-359,79,25
1034,-11896,1428,-9072,-977,-9824,716
1535,-12444,-3260,-3988,-12623,-2601,-7634
2036,-11096,-92,6800,70,-4380,2712
2537,22188,-9688,9056,4794,32767,32767
3038,32767,-4804,20452,4503,13430,-15942
3539,32767,-2768,20436,18233,2891,-20028
4040,27400,6940,-5524,2942,-32768,-32768
4541,-32768,5372,19256,4742,-26272,-32768
5042,-32768,24464,-10764,-17360,-9503,4553
5543,30120,2320,5664,-19258,32767,32767
6044,32767,8408,-16244,6639,-32768,-32768
6545,-31968,-1924,21584,5596,-32768,-32768
7046,-32768,15600,-4824,-12160,32767,32767
7547,32767,3608,-2904,9569,-15267,-32768
8048,-3936,-6680,-8264,-21265,20713,-18756
8549,-19004,6052,-7748,22426,11784,-32768
9050,-11800,4480,-10020,-180,1758,469
9551,-11788,3848,-10676,-473,610,145
10052,-11564,3944,-10984,-444,204,78
10553,-11220,4028,-11064,-515,257,-1
11054,-11232,3960,-11224,-471,262,174
11555,-11156,4032,-11372,-372,241,53
12056,-11028,3980,-11268,-433,138,39
12557,-10956,4004,-11504,-381,105,20
13058,-10932,3852,-11664,-525,83,17
13559,-10928,3916,-11616,-394,126,2
14060,-10980,4160,-11384,-655,104,-86
14561,-10948,3876,-11636,-540,138,69
19161,-10396,4088,-11920,-339,-29,-24
19663,-10500,3900,-12076,-357,2,-12
20164,-10440,3928,-11972,-409,129,65
20665,-10336,3956,-12076,-378,37,-23
21166,-10340,3984,-11996,-423,-37,26
21667,-10540,3952,-11980,-423,-4,32
22168,-10392,4004,-12048,-312,-24,-13
22669,-10324,4004,-12116,-452,133,65
23170,-10404,3944,-12100,-317,28,12
23671,-10248,3972,-12064,-285,172,48
24172,-10356,3932,-12140,-447,-25,-20
24673,-10476,3968,-11972,-335,-8,33
25174,-10420,3980,-11988,-407,-69,-24
25675,-10364,3932,-12128,-464,114,24
26176,-10308,3940,-12096,-227,-3,7
26677,-10428,3988,-12212,-380,4,1
27178,-10288,3984,-12108,-455,-100,-24
27679,-10400,4008,-12136,-414,-47,-15
28180,-10416,4012,-12136,-447,-80,23
28681,-10304,4088,-12072,-444,-93,5
29182,-10320,3924,-12148,-420,180,27
29683,-10284,3936,-12140,-367,12,69
30184,-10320,3940,-12192,-432,-13,-24
30685,-10256,4088,-12024,-448,-87,-17
31186,-10300,4032,-12296,-427,236,-14
31687,-10352,3868,-12092,-475,-8,75
32188,-10276,4072,-12124,-426,-66,60
32689,-10292,4036,-12160,-313,91,-42
33190,-10392,3936,-12140,-461,54,-27
33691,-10332,3952,-12208,-362,-57,21
34192,-10312,3896,-12196,-438,46,37
34693,-10332,3872,-12124,-383,125,21
35194,-10236,3972,-12216,-467,3,55
35695,-10320,4036,-12260,-359,-25,11
36196,-10124,4000,-12148,-447,32,37
36697,-10284,3952,-12324,-271,204,51
37198,-10176,4092,-12320,-378,53,9
37699,-10220,3900,-12156,-353,-129,0
38200,-10280,3988,-12184,-450,141,64
38701,-10208,3908,-12272,-464,83,48
39202,-10256,4024,-12184,-462,23,58
39703,-10308,3880,-12188,-437,-34,-21
40204,-10340,3968,-12184,-464,-32,31
40705,-10216,3956,-12196,-410,-18,17
41206,-10096,3940,-12172,-518,-14,25
41707,-10148,3940,-12360,-487,-79,-51
42208,-10096,3968,-12352,-388,-35,18
42709,-10164,3924,-12252,-291,141,54
43210,-10240,3972,-12096,-528,-186,-69
43711,-10168,3972,-12180,-440,92,55
44212,-10088,3948,-12152,-650,-275,-60
44713,-10268,4064,-12388,-409,97,21
45214,-10308,3868,-12248,-397,-45,-27
45715,-10228,3912,-12308,-288,-36,-3
46216,-10016,3920,-12284,-434,-175,12
46717,-10160,3972,-12324,-523,-85,78
47218,-10092,4004,-12324,-494,-165,-50
47719,-10208,3904,-12312,-373,-144,-30
48220,-10096,4028,-12264,-351,59,4
48721,-10168,4016,-12216,-419,63,23
49222,-10244,3984,-12372,-413,-3,-16
49723,-10196,4024,-12192,-362,53,71
50224,-10132,3908,-12192,-359,116,78
50725,-10072,3996,-12260,-323,-23,-13
51226,-10336,3984,-12448,-406,252,102
51727,-10228,3972,-12256,-236,-155,-55
52228,-10200,3944,-12248,-218,-156,52
52729,-10244,4116,-12320,-278,278,143
53230,-10248,4116,-12288,-415,-59,-1
53731,-10292,3976,-12336,-308,22,2
54232,-10136,4060,-12196,-461,-68,16
54733,-10244,3928,-12424,-418,-144,-81
55234,-10304,4036,-12356,-394,-191,-67
55735,-10084,3932,-12364,-554,73,-7
56236,-10112,4048,-12224,-504,90,48
56737,-10124,4016,-12304,-346,26,31
57238,-10124,4088,-12400,-346,15,26
57739,-10184,4016,-12236,-330,16,-35
58240,-10220,4024,-12184,-508,24,-65
58741,-10060,4016,-12320,-372,49,13
59242,-10080,4024,-12260,-316,211,85
59743,-10284,4016,-12308,-333,119,24
60244,-10164,4036,-12400,-522,-113,-81
60745,-10080,3912,-12160,-399,-37,23
61246,-10096,3964,-12316,-547,-185,-53
61747,-10176,4000,-12452,-405,50,9
62248,-10152,3996,-12280,-356,26,39
62749,-10100,3984,-12424,-541,-136,-12
63250,-10120,4024,-12376,-367,-49,-3
63751,-10096,4116,-12300,-424,-136,-10
64252,-10112,4004,-12292,-349,4,46
64753,-10148,4036,-12456,-446,-150,-100
65254,-10148,3996,-12296,-396,134,149
65755,-10240,4052,-12256,-409,-59,-19
66256,-10192,3920,-12176,-420,-88,80
66757,-10120,3916,-12332,-409,11,-20
67258,-10180,3988,-12272,-328,-42,46
67759,-10184,3952,-12332,-324,52,38
68260,-10044,3784,-12272,-390,-141,40
68761,-10108,4004,-12340,-337,26,-2
69262,-10112,3972,-12356,-382,-50,-12
69763,-10228,3984,-12268,-367,158,125
70264,-10116,4032,-12244,-461,7,64
70765,-10200,4032,-12344,-412,-236,-69
71266,-10096,3992,-12516,-481,89,-22
71767,-10224,4032,-12344,-478,181,118
72268,-10092,3916,-12288,-505,-102,-57
72769,-10000,4016,-12272,-372,10,106
73270,-10276,3984,-12272,-465,-79,-16
73771,-10176,3936,-12464,-413,-215,-58
74272,-9972,4116,-12124,-399,153,55
74773,-10140,3916,-12392,-409,132,45
75274,-10152,3932,-12456,-348,-4,127
75775,-10128,4032,-12328,-464,-170,-87
76276,-10116,4004,-12316,-486,-92,-7
76777,-10080,4028,-12380,-345,40,9
77278,-9984,3864,-12416,-365,192,84
77779,-10040,4036,-12452,-320,159,111
78280,-10176,3992,-12320,-469,147,23
78781,-10184,3960,-12200,-432,-68,-36
79282,-9972,4060,-12252,-424,63,68
79783,-10128,3972,-12308,-320,-140,-17
80284,-10104,4076,-12372,-403,9,86
80785,-10216,4008,-12224,-463,-30,-29
81286,-10208,3844,-12188,-357,44,52
81787,-10168,3964,-12252,-364,-8,-2
82288,-10128,3948,-12388,-335,-46,-15
82789,-10068,4012,-12456,-365,54,52
83290,-10088,4020,-12288,-445,-38,24
83791,-10060,4092,-12336,-281,265,-42
84292,-10048,4008,-12316,-253,87,42
84793,-10080,3932,-12404,-401,-1,-12
85294,-10136,3984,-12348,-485,38,-9
85795,-10040,3940,-12400,-447,108,36
86296,-10044,3992,-12324,-351,115,71
86797,-10096,4004,-12304,-384,-26,2
87298,-10152,4040,-12436,-336,52,70
87799,-10032,3992,-12404,-400,-172,-35
88300,-10116,4028,-12372,-552,-131,-27
88801,-9940,4048,-12224,-422,-93,5
89302,-10184,3984,-12400,-329,63,9
89803,-10132,4000,-12316,-366,46,-16
90304,-10116,3980,-12448,-418,-144,108
90805,-10012,4008,-12300,-476,-20,4
91306,-10116,3956,-12324,-354,-5,-78
91807,-10132,3952,-12360,-447,-143,-16
92308,-10112,3988,-12444,-354,58,51
92809,-10144,4100,-12408,-479,42,-78
93310,-5864,-6008,-25656,-2937,5285,-17281
93811,-15628,2460,8444,16533,13577,-4393
94312,-32768,-7728,32767,32767,8599,32767
94813,-32768,-32768,-32768,-5962,7964,32767
95314,8668,32767,16316,-5043,32767,-32768
95815,-22788,-32768,-32768,7001,-23373,-711
96316,-17712,-548,-19004,32767,-15797,28532
96817,-27256,32767,14048,32767,14967,-32768
97318,-32768,19368,19620,32767,-32292,32767
97819,-14524,-10792,5744,32767,-5661,32767
98320,32767,-27868,-32768,-29636,32767,-15993
98821,-32768,32767,-6548,-4913,-12018,6093
99322,-18136,-24576,-32768,32767,-25493,26298
99823,-18204,-17640,-7892,-29072,28788,3506
100324,-12640,2436,-13132,-3406,-3949,-2048
100825,-10840,2368,-12728,-937,-224,-368
101326,-10352,2504,-12712,-636,50,-139
101827,-10200,2412,-12704,-585,46,5
102328,-10016,2500,-12864,-437,87,1
102829,-9984,2424,-12832,-392,19,-18
103330,-10004,2508,-12880,-536,-13,-22
103831,-10004,2388,-12892,-451,29,33
104332,-9888,2584,-12996,-469,66,-79
104833,-9936,2544,-13056,-637,36,185
105334,-9904,2668,-13016,-520,-52,-53
105835,-10028,2696,-12760,-279,22,139
110399,-9552,2628,-13032,-533,59,-10
110901,-9600,2648,-13172,-506,-3,-1
111402,-9592,2560,-13248,-375,38,40
111903,-9620,2664,-13228,-437,-50,14
112404,-9608,2628,-13224,-461,-15,-5
112905,-9560,2696,-13204,-437,-362,-79
113406,-9612,2696,-13196,-340,-94,-13
113907,-9616,2588,-13344,-405,1,35
114408,-9484,2692,-13348,-298,-77,-29
114909,-9512,2620,-13180,-488,29,24
115410,-9488,2616,-13196,-494,35,-22
115911,-9596,2608,-13196,-208,147,99
116412,-9396,2504,-13120,-329,-86,4
116913,-9568,2572,-13220,-272,-51,9
117414,-9500,2652,-13220,-408,23,29
117915,-23168,2556,-11864,-5110,3321,-25352
118416,-14640,2896,928,28271,27903,-32768
118917,-18636,5308,7812,7219,-32768,32767
119419,352,27860,32767,-9458,27383,-14992
119920,-10328,4540,19172,-10182,32767,-22980
120422,5000,12176,10752,32767,-32768,24560
120923,-18604,1260,-2680,32767,-32768,32767
121424,-12920,-472,936,16009,-18230,23833
121925,-13240,5960,4092,-1792,3918,-1399
122426,-14776,6208,-3940,7757,6697,1877
122927,-12128,4444,-10092,-3590,2902,481
123428,-11744,4732,-10360,-546,625,6
123929,-11888,3716,-10688,-37,1913,1039
124430,-11508,4560,-10348,-983,-292,1337
124931,-11232,4756,-10792,-153,390,105
125432,-10964,4812,-11276,16,80,-132
125933,-10704,4764,-11440,-342,101,153
126434,-10816,4636,-11404,-378,170,154
131016,-10452,4644,-11620,-536,-212,-107
131518,-10392,4592,-11780,-463,-135,-55
132019,-10304,4668,-11844,-411,172,127
132520,-10356,4636,-11864,-367,138,60
133021,-10396,4600,-12020,-351,-143,-33
133522,-10432,4604,-11896,-313,-113,-7
134023,-10428,4744,-11960,-493,-46,-16
134524,-10392,4560,-11844,-647,-275,-118
135025,-10388,4544,-11992,-549,-175,-129
135526,-10416,4588,-11848,-498,-81,-11
136027,-10228,4664,-11964,-403,-187,-113
136528,-10232,4532,-12028,-478,70,47
137029,-10312,4724,-11988,-262,126,50
137530,-10292,4708,-12116,-425,47,27
138031,-10264,4616,-11892,-216,-63,-56
138532,-10228,4652,-11904,-486,-44,87
139033,-10256,4580,-12028,-519,-35,-5
139534,-10300,4648,-12036,-438,41,39
140035,-10228,4744,-12036,-427,-77,-20
140536,-10304,4580,-12032,-477,8,21
141037,-10308,4504,-11964,-403,-99,-9
141538,-10244,4552,-12104,-353,-91,16
142039,-10244,4588,-11876,-364,91,111
142540,-10252,4600,-12068,-346,-127,-21
143041,-10216,4536,-11992,-367,35,75
143542,-10200,4576,-11964,-399,-47,-11
144043,-10236,4652,-11932,-472,-36,-41
144544,-10252,4596,-11984,-484,268,165
145045,-10132,4604,-12164,-282,52,71
145546,-10256,4592,-11944,-381,-4,47
146047,-10216,4588,-11836,-337,21,-92
146548,-10208,4672,-12052,-589,-98,-78
147049,-10168,4608,-12092,-463,164,-82
147550,-10088,4512,-11972,-366,136,89
148051,-10228,4504,-12152,-407,482,37
148552,-10168,4572,-12024,-609,113,32
149053,-10108,4536,-12048,-533,87,33
149554,-10116,4708,-11996,-370,35,17
150055,-10088,4580,-11956,-551,-141,-7
150556,-10112,4568,-12064,-433,-78,-26
151057,-10216,4564,-12120,-422,76,45
151558,-10232,4496,-12016,-456,252,99
152059,-10140,4600,-11936,-351,136,64
152560,-10204,4552,-12160,-423,-110,-49
153061,-10140,4564,-12076,-412,-40,13
153562,-10180,4564,-12048,-438,12,0
154063,-10268,4576,-11988,-457,-23,30
154564,-10236,4548,-12020,-432,-3,11
155065,-10208,4492,-12216,-404,4,-24
155566,-10156,4624,-11992,-436,-12,-16
156067,-10100,4568,-12140,-335,72,1
156568,-10096,4692,-12100,-367,-68,-1
157069,-10120,4576,-12000,-473,-1,33
157570,-10212,4688,-12012,-291,147,121
158071,-10240,4548,-12124,-393,4,56
158572,-10036,4636,-12096,-520,-68,-7
159073,-10176,4624,-12104,-282,8,39
159574,-10112,4580,-12148,-362,122,65
160075,-10156,4648,-12068,-500,-57,1
160576,-10028,4496,-12020,-410,-85,-46
161077,-10156,4648,-12076,-461,-63,22
161578,-10200,4592,-12096,-393,-102,-24
162079,-10124,4524,-12040,-363,-14,-3
162580,-10100,4540,-12084,-353,28,27
163081,-10104,4572,-12096,-392,-64,-11
163582,-10168,4660,-12068,-403,-5,-9
164083,-10164,4556,-12156,-446,-62,4
164584,-10164,4504,-11888,-441,40,4
165085,-10160,4688,-12108,-441,-48,-31
165586,-10172,4556,-12104,-439,-66,-8
166087,-10208,4660,-12148,-450,-69,-6
166588,-10172,4640,-12056,-458,40,20
167089,-10224,4596,-12028,-384,-107,111
167590,-10148,4596,-12112,-405,-3,-62
168091,-10096,4668,-12148,-379,1,18
168592,-10156,4616,-12184,-490,103,14
169093,-10164,4552,-12036,-452,-33,31
169594,-10092,4556,-12096,-420,128,64
170095,-10172,4700,-12120,-361,-129,4
170596,-10196,4592,-12068,-406,-93,59
171097,-10144,4660,-12080,-416,17,-6
171598,-10076,4520,-12164,-450,-92,1
172099,-10124,4588,-12096,-464,32,15
172600,-10064,4612,-12116,-467,-70,-76
173101,-10064,4696,-12144,-416,-36,-14
173602,-10152,4668,-12120,-433,-45,83
174103,-10076,4580,-12108,-370,22,83
174604,-10144,4628,-12076,-443,-46,-7
175105,-10188,4504,-11968,-421,24,3
175606,-10092,4648,-12180,-431,-16,1
176107,-10080,4660,-12136,-389,5,7
176608,-10096,4572,-12068,-414,-18,18
177109,-10096,4660,-12112,-442,-28,42
177610,-10192,4544,-12012,-416,13,3
178111,-10140,4720,-11924,-402,18,36
178612,-10096,4560,-12220,-425,-40,47
179113,-10004,4592,-12268,-434,16,-19
179614,-10068,4640,-11984,-381,13,21
180115,-10008,4544,-12244,-411,-23,-7
180616,-10180,4552,-12140,-437,-10,21
181117,-10084,4580,-12176,-468,-37,-42
181618,-10120,4584,-11984,-403,-19,33
182119,-10056,4676,-12096,-457,8,-16
182620,-10180,4728,-12168,-440,-30,11
183121,-10192,4616,-12132,-403,53,-19
183622,-10188,4556,-12044,-417,34,-16
184123,-9892,4576,-12064,-413,22,-38
184624,-10128,4612,-12056,-404,-5,20
185125,-10152,4580,-12184,-408,-38,46
185626,-10100,4692,-12184,-472,8,10
186127,-10080,4596,-12052,-382,-9,2
186628,-10108,4556,-12016,-424,-14,1
187129,-10056,4516,-12296,-383,-4,16
187630,-10120,4560,-12040,-408,-27,58
188131,-10136,4556,-12120,-435,-26,15
188632,-10144,4532,-12200,-427,-11,-8
189133,-10084,4584,-12076,-442,-15,44
189634,-10088,4580,-12168,-400,-14,20
190135,-10172,4628,-12204,-398,18,-13
190636,-10064,4516,-12120,-428,-4,33
191137,-10208,4620,-12200,-408,17,-17
191638,-10132,4548,-12252,-396,26,-14
192139,-10224,4604,-12080,-412,-30,35
192640,-10096,4620,-12212,-409,17,-43
193141,-10096,4548,-12208,-376,16,-42
193642,-10136,4600,-12092,-420,-1,17
194143,-10060,4572,-12076,-434,25,11
194644,-10080,4628,-12204,-414,-1,-27
195145,-10092,4612,-12144,-422,-23,23
195646,-10076,4644,-12104,-431,13,21
196147,-10176,4604,-12188,-431,-63,80
196648,-10096,4580,-12108,-404,-4,5
197149,-10180,4552,-12212,-428,22,-6
197650,-10020,4644,-12152,-409,7,-7
198151,-10040,4596,-12068,-428,-18,7
198652,-10116,4660,-12132,-409,20,13
199153,-10120,4668,-12096,-441,-7,-2
199654,-10160,4600,-12192,-424,20,-38
200155,-10108,4516,-12184,-400,-22,34
200656,-10048,4596,-12028,-418,-5,-14
201157,-10024,4632,-12168,-414,26,9
201658,-10068,4604,-12136,-420,-4,24
202159,-10044,4472,-12052,-408,6,12
202660,-10088,4604,-12072,-403,-6,-10
203161,-10088,4584,-11840,-423,-30,29
203662,-10164,4612,-12048,-404,-59,2
204163,-10088,4568,-12136,-420,12,3
204664,-10124,4588,-12084,-421,-36,39
205165,-10112,4560,-12276,-435,-11,-8
205666,-10108,4592,-12168,-385,15,11
206167,-10076,4648,-12084,-443,-12,10
206668,-10092,4600,-12128,-410,5,23
207169,-10084,4600,-12168,-436,40,-41
207670,-10080,4548,-12188,-414,-36,38
208171,-10060,4556,-12092,-402,-3,9
208672,-10064,4552,-12132,-422,-32,7
209173,-10056,4576,-12088,-411,-44,54
209674,-10108,4544,-12000,-406,-19,-4
210175,-10132,4608,-12236,-403,35,-35
210676,-10120,4512,-12156,-398,-12,-8
211177,-10096,4576,-12244,-443,-30,70
211678,-10024,4608,-12180,-409,-6,5
212179,-10128,4504,-12092,-391,60,-33
212680,-10132,4724,-12104,-419,-32,37
213181,-10072,4560,-12184,-416,-17,39
213682,-10184,4544,-12056,-413,-20,6
214183,-10124,4488,-12112,-411,-29,0
214684,-10124,4556,-12140,-414,-36,81
215185,-10160,4556,-12172,-402,-5,-8
215686,-10016,4624,-12180,-422,8,8
216187,-10072,4612,-12060,-409,-46,47
216688,-10244,4556,-12120,-418,23,-17
217189,-10176,4588,-12164,-400,-17,-9
217690,-10132,4504,-12096,-412,-4,31
218191,-10188,4512,-12060,-452,-38,36
218692,-10108,4484,-12076,-440,-16,5
219193,-10124,4672,-12088,-412,-1,13
219694,-10108,4568,-12164,-411,-26,53
220195,-10140,4652,-12140,-406,-20,17
220696,-10044,4608,-12168,-389,14,-31
221197,-10124,4512,-12120,-385,68,-55
221698,-10164,4588,-12196,-411,-40,12
222199,-10116,4564,-12092,-420,-77,82
222700,-10064,4608,-12080,-402,1,20
223201,-10188,4544,-12040,-415,-23,34
223702,-10212,4552,-12156,-419,3,32
224203,-10064,4476,-12168,-426,13,-33
224704,-10112,4560,-12096,-418,-20,15
225205,-10060,4544,-12100,-401,-13,-15
225706,-10212,4536,-12108,-417,-5,-38
226207,-10036,4564,-12088,-418,-47,11
226708,-10168,4604,-12100,-445,8,-35
227209,-10096,4536,-12124,-399,28,-35
227710,-10136,4564,-12096,-408,-13,39
228211,-10176,4432,-12092,-418,13,-59
228712,-10112,4572,-12216,-414,-17,-22
229213,-10184,4604,-12152,-434,21,21
229714,-10112,4508,-12112,-435,-10,7
230215,-10116,4540,-12244,-401,11,-10
230716,-10144,4568,-12176,-413,-9,16
231217,-10076,4560,-12132,-417,19,-36
231718,-10076,4548,-12184,-394,-41,-8
232219,-10148,4560,-12172,-433,-14,13
232720,-10056,4540,-12236,-393,0,30
233221,-10168,4572,-12184,-393,-38,-33
233722,-10088,4632,-12092,-388,105,-96
234223,-10068,4556,-12164,-439,-38,15
234724,-10100,4544,-12040,-443,-56,57
235225,-9952,4700,-12136,-411,-7,12
235726,-10136,4500,-12136,-420,-21,22
236227,-10180,4548,-12040,-426,-9,-5
236728,-10164,4500,-12180,-429,15,20
237229,-10052,4528,-12140,-441,-14,6
237730,-10104,4644,-12116,-407,13,-30
238231,-10112,4560,-12148,-438,22,2
238732,-10136,4440,-12108,-448,-53,48
239233,-10188,4580,-12060,-436,-32,21
239734,-10084,4576,-12136,-430,-24,13
240235,-10088,4484,-12112,-434,20,-20
240736,-10080,4528,-12096,-452,3,17
241237,-10120,4612,-12188,-404,8,-4
241738,-10092,4524,-11964,-412,4,-33
242239,-10180,4580,-12144,-421,23,-6
242740,-10164,4504,-12276,-420,-21,-2
243241,-10088,4604,-12340,-430,5,24
243742,-10128,4532,-12140,-387,16,24
244243,-10112,4580,-12168,-418,13,19
244744,-10104,4620,-12096,-422,3,-24
245245,-10036,4516,-12052,-423,26,-21
245746,-10084,4556,-12136,-438,-10,1
246247,-10180,4648,-12092,-426,-134,194
246748,-10028,4604,-12196,-423,40,-58
247249,-10040,4600,-12080,-426,-12,-17
247750,-10076,4608,-12156,-397,26,-42
248251,-10100,4564,-12280,-395,24,-4
248752,-10028,4540,-12192,-409,-19,22
249253,-10108,4552,-12240,-406,16,17
249754,-10208,4540,-12032,-398,-15,40
250255,-10084,4492,-12116,-434,-44,56
250756,-10116,4672,-12068,-406,4,52
251257,-10204,4484,-12132,-407,16,-11
251758,-10052,4596,-12224,-404,-57,41
252259,-10096,4492,-12240,-427,19,8
252760,-10128,4580,-12076,-436,-31,27
253261,-10072,4532,-12116,-414,-15,23
253762,-10160,4564,-12116,-427,-4,18
254263,-10084,4492,-12096,-398,-14,31
254764,-10100,4472,-12000,-404,-58,49
255265,-10108,4568,-12176,-428,-9,-8
255766,-10032,4584,-12284,-438,-33,-17
256267,-10092,4596,-12200,-414,1,20
256768,-10184,4440,-12136,-412,-12,40
257269,-10100,4556,-12116,-406,-40,27
257770,-10052,4560,-12148,-403,12,24
258271,-10104,4496,-12228,-403,1,15
258772,-10072,4544,-12168,-412,-36,1
259273,-10132,4500,-12164,-415,21,32
259774,-10072,4556,-12084,-420,7,15
260275,-10080,4544,-12068,-406,0,-4
260776,-10108,4608,-12248,-410,33,-20
261277,-10156,4676,-12156,-410,2,3
261778,-10088,4484,-12256,-404,-10,29
262279,-10032,4576,-12088,-422,35,-42
262780,-9996,4624,-12100,-391,0,-12
263281,-10136,4484,-12020,-415,0,-23
263782,-10132,4516,-12100,-434,-33,56
264283,-10164,4492,-12196,-397,72,-44
264784,-10068,4656,-12136,-424,-32,45
265285,-10092,4496,-12216,-448,3,13
265786,-10192,4460,-11996,-432,-28,23
266287,-10092,4576,-12080,-422,-1,26
266788,-10000,4540,-12148,-406,-4,18
267289,-10112,4544,-11976,-411,25,-42
267790,-10008,4496,-12092,-426,-29,33
268291,-10064,4596,-12096,-445,-6,-9
268792,-10180,4492,-12132,-420,-16,10
269293,-10060,4500,-12184,-405,-10,20
269794,-10120,4412,-12156,-416,13,-17
270295,-10180,4472,-12076,-434,-26,12
270796,-10056,4544,-12256,-428,1,22
271297,-10056,4508,-12164,-434,-39,13
271798,-10180,4548,-12276,-432,2,-28
272299,-10124,4500,-12132,-426,4,3
272800,-10080,4540,-12144,-417,-16,41
273301,-10108,4624,-12184,-390,50,-48
273802,-10048,4564,-12132,-409,-3,50
274303,-10096,4644,-12144,-435,-16,44
274804,-10132,4604,-12140,-435,-7,-14
275305,-10136,4592,-12084,-404,-22,12
275806,-10268,4504,-12160,-431,-17,5
276307,-10080,4536,-12116,-398,-28,35
276808,-10064,4572,-12192,-399,-39,35
277309,-10080,4540,-12264,-415,6,-3
277810,-9960,4544,-12072,-441,-10,6
278311,-10100,4524,-12220,-415,-10,31
278812,-10076,4536,-12200,-406,-3,30
279313,-9964,4644,-12360,-439,-15,-35
279814,-10108,4512,-12152,-449,31,4
280315,-10068,4608,-12200,-443,-17,45
280816,-10172,4552,-12092,-432,-16,-3
281317,-10112,4640,-12180,-414,-23,6
281818,-10088,4600,-12228,-406,11,-12
282319,-10108,4568,-12192,-426,-21,2
282820,-10092,4604,-12164,-400,-11,4
283321,-10064,4552,-12268,-432,-29,44
283822,-10092,4500,-12164,-441,3,9
284323,-10184,4572,-12168,-415,-22,35
284824,-10084,4528,-12260,-404,-36,29
285325,-10076,4556,-12132,-412,48,-80
285826,-10176,4572,-12140,-411,29,10
286327,-10140,4548,-12268,-408,-7,48
286828,-10196,4628,-12264,-413,-86,129
287329,-10128,4552,-12228,-422,-3,19
287830,-10040,4568,-12096,-429,-27,65
288331,-10168,4596,-12268,-425,-23,-6
288832,-10040,4560,-12220,-437,-27,9
289333,-10076,4556,-12232,-419,15,15
289834,-10168,4516,-12136,-424,-25,0
290335,-10064,4528,-12220,-412,5,-15
290836,-10056,4600,-12164,-459,-5,10
291337,-10020,4596,-12128,-407,-22,1
291838,-10084,4576,-12204,-408,-22,13
292339,-10048,4496,-12072,-412,-24,21
292840,-10004,4536,-12236,-424,-54,45
293341,-10144,4604,-12164,-417,-22,-5
293842,-10188,4536,-12080,-431,7,32
294343,-10084,4556,-12172,-401,-44,26
294844,-10080,4516,-12104,-442,-4,6
295345,-10116,4616,-12172,-409,5,-10
295846,-10128,4580,-12084,-399,-25,22
296347,-10084,4600,-12200,-390,-11,-5
296848,-10136,4524,-12152,-431,29,-30
297349,-10120,4576,-12192,-421,4,26
297850,-10080,4480,-12076,-440,-18,40
298351,-10124,4560,-12076,-423,6,-10
298852,-10136,4596,-12152,-425,-13,43
299353,-10128,4612,-12192,-410,56,-89
299854,-10096,4488,-12164,-423,11,2
300355,-10108,4508,-12196,-436,-26,49
300856,-10120,4520,-12152,-401,-25,-5
301357,-10084,4544,-12060,-406,60,-53
301858,-10104,4568,-12124,-425,-63,50
302359,-10108,4536,-12308,-426,-7,37
302860,-10044,4580,-12188,-436,17,-17
303361,-10156,4500,-12088,-403,-12,28
303862,-10044,4576,-12160,-409,-13,36
304363,-10112,4504,-12116,-423,-51,36
304864,-9996,4608,-12160,-395,-36,25
305365,-10100,4568,-12280,-436,5,13
305866,-10060,4548,-12072,-415,1,41
306367,-10028,4580,-12220,-490,-13,38
306868,-10036,4432,-12128,-413,-13,4
307369,-10008,4540,-12348,-415,-41,26
307870,-9996,4500,-12164,-440,31,-27
308371,-9968,4624,-12164,-415,2,20
308872,-10188,4536,-12216,-426,11,-26
309373,-10088,4580,-12172,-448,-40,43
309874,-10236,4556,-12148,-425,29,20
310375,-10192,4464,-12248,-417,-30,63
310876,-10076,4576,-12184,-380,11,-8
311377,-10064,4544,-12176,-409,-3,46
311878,-10112,4576,-12104,-415,-16,47
312379,-10164,4472,-12096,-426,-12,-19
312880,-10036,4596,-12108,-377,60,-43
313381,-10100,4568,-12124,-418,11,-34
313882,-10012,4520,-12196,-405,-7,18
314383,-10096,4588,-12100,-435,-21,-24
314884,-10072,4572,-12180,-418,-18,26
315385,-10088,4584,-12232,-423,-46,16
315886,-10128,4536,-12204,-431,-9,-10
316387,-10060,4532,-12088,-380,35,43
316888,-10024,4544,-12260,-427,-1,-1
317389,-10084,4556,-12228,-424,-10,17
317890,-10196,4472,-12164,-425,-22,19
318391,-10252,4492,-12196,-415,-20,3
318892,-10100,4580,-12092,-413,-7,21
319393,-10152,4572,-12088,-391,-16,28
319894,-10132,4576,-12116,-416,-5,9
320395,-10176,4532,-12148,-411,27,-18
320896,-10180,4552,-12060,-418,-29,26
321397,-10120,4520,-12012,-406,1,-19
321898,-10140,4596,-12152,-411,1,-10
322399,-10120,4536,-12096,-441,4,3
322900,-10144,4528,-12164,-406,-13,18
323401,-10076,4636,-12072,-425,-22,25
323902,-10104,4624,-12316,-452,-28,4
324403,-10204,4572,-12160,-429,16,-28
324904,-10116,4436,-12120,-424,-35,36
325405,-10084,4528,-12224,-434,-2,0
325906,-10156,4564,-12100,-411,-2,18
326407,-10104,4480,-12148,-405,-39,28
326908,-10068,4524,-12212,-406,10,-3
327409,-10104,4564,-12232,-426,-8,3
327910,-10120,4540,-12156,-391,3,-8
328411,-9972,4584,-12140,-414,-32,81
328912,-10200,4592,-12132,-439,-2,0
329413,-10104,4476,-12116,-411,-3,30
329914,-10164,4584,-12096,-436,-24,44
330415,-10136,4528,-12140,-425,-12,-4
330916,-10072,4612,-12152,-412,-2,-21
331417,-10000,4492,-11940,-429,0,-32
331918,-10152,4580,-12184,-415,-15,26
332419,-10088,4608,-12120,-403,-1,27
332920,-10040,4532,-12028,-437,-27,4
333421,-10112,4548,-12180,-423,-12,16
333922,-10080,4568,-12096,-436,-14,5
334423,-10180,4520,-12160,-441,-40,25
334924,-10184,4560,-12152,-425,-31,14
335425,-10104,4688,-12176,-441,-14,38
335926,-10048,4560,-12172,-403,-34,43
336427,-10152,4592,-12212,-399,14,-8
336928,-10124,4544,-12068,-429,-46,-2
337429,-10156,4500,-12172,-421,-24,35
337930,-10104,4548,-12220,-426,-37,20
338431,-10024,4424,-12040,-399,34,12
338932,-10208,4584,-12136,-427,-65,68
339433,-10092,4572,-12152,-395,6,-27
339934,-10100,4568,-12104,-445,-7,21
340435,-10036,4564,-12140,-421,-22,22
340936,-10096,4532,-12184,-427,50,-28
341437,-10104,4548,-12212,-419,38,-15
341938,-10052,4540,-12140,-409,-31,4
342439,-10068,4568,-12092,-431,-27,9
342940,-10072,4552,-12012,-418,12,5
343441,-10096,4608,-12148,-416,-7,7
343942,-10112,4600,-12076,-422,3,3
344443,-10152,4652,-12144,-422,-5,26
344944,-10040,4488,-12272,-439,31,-56
345445,-10096,4608,-12248,-443,-11,-14
345946,-10192,4528,-12264,-412,-18,11
346447,-10128,4488,-12140,-398,47,-91
346948,-10036,4544,-12160,-418,5,33
347449,-10016,4564,-12256,-433,24,-14
347950,-10080,4492,-12168,-417,19,17
348451,-10152,4576,-12160,-431,-1,11
348952,-10140,4552,-12176,-414,26,-11
349453,-10148,4508,-12088,-385,-50,-4
349954,-10076,4556,-12088,-432,-29,19
350455,-10144,4492,-12004,-425,-17,6
350956,-10080,4484,-12136,-451,1,29
351457,-10080,4652,-12080,-431,11,42
351958,-10084,4652,-12148,-420,-11,-16
352459,-10052,4536,-12064,-429,-82,73
352960,-10068,4524,-12240,-386,-54,-6
353461,-10108,4484,-12016,-416,18,-24
353962,-10184,4576,-12204,-427,-58,2
354463,-10184,4456,-12128,-413,-13,18
354964,-10040,4584,-12248,-416,36,-13
355465,-10100,4560,-12116,-370,-79,56
355966,-10028,4564,-12224,-387,-10,53
356467,-10076,4560,-12092,-412,-6,-9
356968,-10140,4552,-12256,-435,-42,18
357469,-10112,4488,-12076,-393,-15,15
357970,-10092,4572,-12084,-414,-52,26
358471,-10176,4600,-12068,-426,-16,0
358972,-10120,4512,-12216,-396,0,-5
359473,-10196,4556,-12188,-429,-2,-41
359974,-10160,4500,-12188,-391,-29,7
360475,-10096,4568,-12184,-433,0,-14
360976,-10116,4616,-12156,-396,-8,2
361477,-10036,4568,-12052,-388,9,-15
361978,-10144,4488,-12228,-401,9,28
362479,-10172,4628,-12240,-429,14,-4
362980,-10128,4528,-12200,-434,-24,0
363481,-10112,4572,-12156,-403,-15,10
363982,-10252,4592,-12248,-391,-22,7
364483,-10060,4516,-12324,-441,-48,43
364984,-10172,4548,-12120,-417,-28,15
365485,-10120,4492,-12084,-383,44,-24
365986,-10056,4508,-12096,-399,-30,33
366487,-10128,4584,-12272,-403,-24,32
366988,-10104,4492,-12120,-431,0,31
367489,-10152,4616,-12176,-406,-14,60
367990,-10008,4448,-12108,-441,-9,12
368491,-10032,4648,-12100,-442,10,-6
368992,-10052,4532,-12112,-421,-7,7
369493,-10064,4552,-12180,-407,-21,15
369994,-10120,4576,-12208,-406,3,11
370495,-10060,4592,-12168,-418,-14,-5
370996,-10104,4532,-12220,-400,-10,14
371497,-10132,4576,-12148,-428,7,26
371998,-10164,4508,-12120,-444,-33,2
372499,-10156,4496,-12212,-454,7,-114
373000,-10152,4536,-12068,-408,-13,45
373501,-10060,4516,-12276,-416,-43,27
374002,-10168,4536,-12128,-426,-3,28
374503,-9984,4544,-12240,-426,-30,57
375004,-10112,4528,-12080,-434,-37,23
375505,-10060,4620,-12092,-435,-43,57
376006,-10196,4520,-12104,-449,8,20
376507,-10116,4548,-12040,-408,-46,20
377008,-10056,4644,-12004,-426,-2,34
377509,-10048,4448,-12148,-430,-10,12
378010,-10104,4568,-12188,-437,4,0
378511,-10112,4552,-12184,-384,38,-21
379012,-10108,4652,-12288,-425,-2,-21
379513,-10156,4584,-12304,-403,-30,27
380014,-10128,4576,-12252,-376,-5,-18
380515,-10136,4576,-12168,-419,-38,11
381016,-10088,4600,-12132,-417,-46,52
381517,-10064,4472,-12272,-418,-47,103
382018,-10104,4548,-12048,-426,17,-53
382519,-10144,4460,-12212,-424,-29,54
383020,-10120,4488,-12224,-442,24,2
383521,-10148,4644,-12180,-407,-19,1
384022,-10028,4508,-12032,-424,-33,37
384523,-10064,4504,-12100,-443,25,-64
385024,-10136,4604,-12140,-404,10,-35
385525,-10016,4536,-12172,-437,-8,-6
386026,-10116,4576,-12224,-415,7,-3
386527,-10072,4568,-12228,-423,26,6
387028,-10020,4596,-12124,-436,-65,34
387529,-10044,4576,-12140,-425,59,-39
388030,-10160,4576,-12072,-402,16,-9
388531,-10064,4504,-12088,-424,-17,60
389032,-10056,4504,-12136,-437,-43,35
389533,-10176,4528,-12208,-406,-25,19
390034,-10104,4536,-12140,-397,21,-55
390535,-10076,4564,-12160,-404,-17,7
391036,-10072,4620,-12036,-434,22,-10
391537,-10144,4456,-12020,-483,36,-65
392038,-10188,4684,-12076,-432,14,-51
392539,-10172,4608,-12140,-422,22,41
393040,-10024,4480,-12080,-385,-45,36
393541,-10068,4588,-12168,-409,-18,4
394042,-10120,4600,-12088,-403,-33,30
394543,-10092,4608,-12304,-443,23,-20
395044,-10024,4568,-12060,-431,7,-8
395545,-10076,4676,-12116,-437,-22,21
396046,-10092,4456,-12224,-427,-18,6
396548,-10112,4572,-12080,-425,50,-44
397049,-10228,4596,-12104,-429,-19,25
397550,-10004,4512,-12092,-447,-19,-16
398051,-10088,4464,-12080,-423,11,-11
398552,-10180,4600,-12276,-425,60,-76
399053,-10072,4528,-12252,-439,-59,84
399554,-10188,4560,-12156,-422,9,11
400055,-10120,4504,-12112,-406,17,-10
400556,-10088,4612,-12012,-415,-25,48
401057,-10072,4432,-12096,-415,13,-4
401558,-10140,4532,-12156,-439,7,-2
402059,-10088,4684,-12168,-426,-21,14
402560,-10164,4636,-12136,-432,-30,13
403061,-10088,4556,-12160,-436,17,26
403562,-10100,4468,-12164,-393,-1,-27
404063,-10096,4496,-12176,-421,-5,-11
404564,-10120,4520,-12208,-393,-3,-22
405065,-10120,4588,-12064,-433,-26,67
405566,-10084,4568,-12128,-452,48,-13
406067,-10124,4700,-12220,-425,-4,12
406568,-10056,4636,-12232,-393,-22,11
407069,-10076,4556,-12224,-408,-21,10
407570,-10184,4580,-12112,-410,-24,7
408071,-10084,4524,-12260,-419,-1,-12
408572,-10160,4528,-12052,-471,-101,96
409073,-10072,4584,-12068,-398,18,21
409574,-10148,4636,-12200,-475,27,-54
410075,-10092,4564,-12148,-425,127,-152
410576,-10040,4512,-12068,-415,-16,15
411077,-10020,4512,-12048,-449,1,-18
411578,-10036,4468,-12136,-423,22,-7
412079,-10124,4556,-12264,-421,-8,-11
412580,-10140,4604,-12084,-426,-5,-13
413081,-10220,4500,-12152,-419,-57,52
413582,-10140,4472,-12232,-428,-9,17
414083,-9984,4552,-12088,-448,-156,127
414584,-10064,4564,-12108,-413,28,-39
415085,-10104,4568,-12120,-428,4,-40
415586,-10136,4448,-12032,-412,-45,76
416087,-10080,4580,-12308,-426,-27,28
416588,-10140,4576,-12084,-424,-9,-5
417089,-10112,4556,-12048,-434,-19,20
417590,-10240,4572,-12056,-446,-8,20
418091,-9972,4572,-12176,-422,19,-23
418592,-10020,4512,-12124,-447,-38,75
419093,-10152,4644,-12132,-409,-38,39
419594,-10168,4552,-12136,-415,16,-55
420095,-10152,4528,-12152,-398,-4,-22
420596,-10176,4520,-12188,-376,75,-67
421097,-10136,4464,-12164,-436,0,6
421598,-10168,4552,-12244,-422,-16,56
422099,-10124,4608,-12252,-423,0,-42
422600,-10048,4568,-12024,-415,19,37
423101,-10128,4592,-12120,-428,-17,-5
423602,-10016,4460,-12112,-401,7,-76
424103,-9980,4624,-12188,-404,0,-25
424604,-10016,4572,-12140,-439,-23,17
425105,-10112,4560,-12160,-397,11,-20
425606,-10080,4524,-12120,-444,44,-90
426107,-10088,4604,-12148,-411,17,-39
426608,-10100,4592,-12028,-400,-17,20
427109,-10036,4628,-12024,-463,2,-14
427610,-10028,4612,-12052,-428,-28,10
428111,-10044,4596,-12116,-409,-26,-1
428612,-10116,4560,-12200,-406,5,-25
429113,-10124,4600,-12104,-408,-3,17
429614,-10128,4528,-12176,-398,40,-43
430115,-10156,4616,-12152,-431,39,-24
430616,-10080,4560,-12116,-424,21,-13
431117,-10112,4516,-12176,-423,-62,94
431618,-10032,4620,-12160,-414,-44,-7
432119,-10192,4520,-12104,-427,-3,-35
432620,-10112,4624,-12216,-406,7,8
433121,-10144,4640,-12176,-418,2,21
433622,-10104,4556,-12164,-407,-10,13
434123,-10132,4636,-12208,-463,9,-15
434624,-10076,4568,-12132,-401,10,1
435125,-10072,4468,-12176,-387,33,-3
435626,-10100,4624,-12128,-410,-30,-1
436127,-10080,4532,-12144,-413,-9,-18
436628,-10124,4576,-12220,-447,-50,12
437129,-10208,4548,-12132,-417,-54,16
437630,-10188,4604,-12148,-434,-1,-2
438131,-10096,4472,-12216,-435,-26,7
438632,-10180,4532,-12132,-442,-41,34
439133,-10076,4600,-12156,-402,29,-12
439634,-10088,4548,-12100,-398,-7,39
440135,-9928,4616,-12168,-425,10,1
440636,-10064,4556,-12188,-417,11,-26
441137,-10056,4536,-12172,-407,47,-24
441638,-10012,4512,-12020,-420,-7,-27
442139,-10176,4528,-12184,-412,6,2
442640,-10184,4488,-12188,-440,-25,34
443141,-10120,4616,-12272,-418,-25,17
443642,-10136,4480,-12232,-404,-22,-13
444143,-10120,4532,-12232,-423,41,-49
444644,-10172,4580,-12212,-421,-6,32
445145,-10220,4592,-12272,-407,-41,28
445646,-10104,4568,-12136,-444,-21,39
446147,-10136,4552,-12188,-414,-16,12
446648,-10036,4504,-12256,-416,-3,37
447149,-10100,4616,-12124,-441,-19,32
447650,-10080,4476,-12152,-428,-18,9
448151,-10032,4648,-12036,-431,-20,23
448652,-10152,4532,-12064,-428,19,-41
449153,-9984,4580,-12124,-413,-47,33
449654,-10140,4524,-12096,-443,-69,55
450155,-10128,4436,-12096,-419,-31,61
450656,-10144,4624,-12092,-404,19,-13
451157,-10088,4548,-12136,-428,-6,-15
451658,-10032,4504,-12184,-412,0,-28
452159,-10000,4584,-12156,-410,-14,-19
452660,-10148,4536,-12084,-423,-2,35
453161,-10072,4636,-12196,-414,38,20
453662,-10096,4568,-12136,-452,59,-72
454163,-10104,4608,-12200,-406,-12,14
454664,-10076,4520,-12248,-435,-18,-13
455165,-10188,4540,-12188,-431,-25,87
455666,-10120,4620,-12280,-409,26,-52
456167,-10128,4620,-12220,-413,-24,34
456668,-10200,4564,-12160,-407,-20,4
457169,-10108,4632,-12116,-415,-15,6
457670,-10016,4608,-12116,-420,33,-34
458171,-10000,4624,-12112,-462,-157,131
458672,-10104,4496,-12296,-405,-31,1
459173,-9992,4676,-12152,-406,-13,13
459674,-10116,4568,-12212,-405,-9,-5
460175,-10168,4632,-12176,-429,-45,38
460676,-10028,4488,-12152,-461,-13,49
461177,-10128,4624,-12112,-412,-41,65
461678,-10028,4496,-12208,-444,-8,29
462179,-10032,4564,-12368,-431,8,-33
462680,-10080,4596,-12064,-410,31,2
463181,-10136,4524,-12164,-416,-44,40
463682,-10080,4564,-12216,-423,-40,50
464183,-10160,4632,-12124,-426,30,40
464684,-10116,4520,-12280,-429,-39,38
465185,-10124,4504,-12080,-431,16,-16
465686,-10024,4596,-12188,-428,29,-12
466187,-10052,4584,-12172,-388,15,25
466688,-10132,4616,-12088,-411,-34,27
467189,-10148,4500,-12268,-436,18,-3
467690,-10008,4496,-12180,-428,42,-67
468191,-10008,4504,-12108,-402,-10,4
468692,-10060,4508,-12224,-410,10,-10
469193,-10088,4476,-12216,-382,10,15
469694,-10116,4636,-12112,-433,-39,-12
470195,-10144,4560,-12140,-418,-61,67
470696,-10044,4548,-12008,-459,-46,60
471197,-9980,4524,-12248,-417,-4,6
471698,-10176,4624,-12060,-421,-13,23
472199,-10112,4560,-12160,-453,-6,26
472700,-10216,4640,-12196,-410,-51,27
473201,-10144,4488,-12208,-428,-8,-4
473702,-10096,4476,-12328,-422,-14,29
474203,-10080,4576,-12072,-408,-37,55
474704,-10196,4532,-12080,-409,0,44
475205,-10140,4684,-12160,-418,-4,28
475706,-9988,4468,-12188,-411,-10,-8
476207,-10072,4608,-12212,-425,2,1
476708,-10156,4540,-12164,-394,72,-24
477209,-10096,4656,-12140,-399,-12,-8
477710,-10036,4540,-12116,-441,38,-38
478211,-10028,4644,-12160,-420,-35,47
478712,-10268,4592,-12092,-436,-23,58
479213,-10200,4616,-12132,-399,-11,36
479714,-10148,4540,-12172,-428,6,-25
480215,-10124,4560,-12216,-434,-14,-18
480716,-10208,4584,-12144,-420,-12,22
481217,-10056,4560,-12272,-414,21,7
481718,-10048,4460,-12156,-418,-24,47
482219,-10048,4524,-12208,-414,33,-44
482720,-10036,4548,-12132,-417,23,-10
483221,-10116,4556,-12100,-444,-49,44
483722,-10048,4576,-12128,-406,17,-50
484223,-10160,4608,-12112,-419,13,-9
484724,-10044,4584,-12224,-431,-47,47
485225,-10104,4416,-12168,-416,4,-11
485726,-10048,4476,-12236,-369,31,-11
486227,-10076,4568,-12156,-408,-47,66
486728,-10092,4592,-12000,-437,-67,42
487229,-10136,4552,-12176,-442,-15,19
487730,-10104,4608,-12124,-426,-12,1
488231,-10140,4512,-12260,-429,-13,-13
488732,-10076,4584,-12084,-440,-67,116
489233,-10020,4604,-12108,-417,50,-15
489734,-10192,4508,-12140,-401,-20,12
490235,-10040,4496,-12152,-413,-23,18
490736,-10132,4596,-12060,-407,-10,22
491237,-10064,4584,-12220,-419,-13,12
491738,-10120,4692,-12076,-440,-22,2
492239,-10096,4616,-12168,-417,-80,120
492740,-10104,4572,-12072,-423,-33,42
493241,-10060,4560,-12148,-403,-26,28
493742,-10148,4600,-12172,-399,29,-29
494243,-10060,4528,-12124,-397,-55,48
494744,-10060,4556,-12124,-408,-23,19
495245,-10092,4448,-12216,-415,8,4
495746,-10100,4524,-12132,-418,-25,46
496247,-10112,4556,-12124,-433,16,-13
496748,-10136,4612,-12152,-397,1,-10
497249,-10140,4576,-12068,-416,-33,17
497750,-10104,4584,-12180,-430,-29,16
498251,-10128,4460,-12072,-421,-20,43
498752,-10084,4568,-12184,-410,0,14
499253,-10060,4544,-12020,-414,-14,-8
499754,-10076,4428,-12148,-434,-32,79
500255,-10028,4588,-12188,-432,-43,74
500756,-10048,4520,-12044,-419,-20,-6
501257,-10032,4656,-12076,-414,-11,68
501758,-10032,4548,-12048,-436,8,8
502259,-10080,4628,-12128,-431,-52,45
502760,-10084,4592,-12100,-425,67,-1
503261,-10052,4636,-12076,-439,8,-25
503762,-10064,4628,-12100,-445,11,-17
504263,-10152,4524,-12052,-402,-11,60
504764,-10080,4592,-12132,-408,3,38
505265,-10092,4580,-12100,-424,-42,-8
505766,-10184,4584,-12016,-429,-52,89
506267,-10096,4592,-12048,-433,-7,28
506768,-10056,4576,-12156,-419,-7,-1
507269,-10144,4544,-12144,-395,-14,20
507770,-10220,4608,-12204,-412,-17,55
508271,-10120,4536,-11984,-425,-16,-12
508772,-10220,4576,-12140,-419,-18,36
509273,-10136,4624,-12180,-422,27,-29
509774,-10116,4564,-12276,-438,-14,31
510275,-10112,4464,-12012,-413,11,-10
510776,-10068,4588,-12152,-416,-9,-8
511277,-10056,4600,-12064,-401,-9,58
511778,-10008,4500,-12052,-412,19,-33
512279,-10184,4584,-12116,-392,41,-51
512780,-10100,4624,-12204,-427,-15,17
513281,-10192,4608,-12244,-437,-31,17
513782,-10060,4568,-11988,-417,16,-7
514283,-10128,4568,-12096,-415,10,21
514784,-10052,4592,-12060,-431,-3,-3
515285,-10088,4544,-12028,-404,33,-76
515786,-10088,4548,-12112,-400,-15,29
516287,-10016,4632,-12068,-442,-52,27
516788,-10084,4504,-12156,-439,-3,31
517289,-10136,4512,-12044,-437,-51,57
517790,-10144,4528,-12124,-423,-60,62
518291,-10204,4532,-12096,-400,-33,38
518792,-10020,4564,-12132,-390,2,-41
519293,-10064,4596,-12244,-421,-46,10
519794,-10048,4584,-12176,-408,29,26
520295,-10128,4560,-12272,-399,30,22
520796,-10000,4560,-12188,-398,-14,31
521297,-10064,4572,-12152,-423,-19,13
521798,-10104,4528,-12184,-394,-7,-6
522299,-10140,4476,-12064,-418,-35,30
522800,-10084,4592,-12120,-407,-1,-10
523301,-10120,4584,-12024,-403,-62,61
523802,-10096,4568,-12076,-420,-37,50
524303,-10144,4596,-12260,-410,-17,29
524804,-10096,4540,-12128,-425,32,-56
525305,-10192,4604,-12020,-433,-54,8
525806,-10124,4564,-12124,-430,-36,5
526307,-10168,4532,-12168,-430,-18,42
526808,-10120,4520,-12008,-404,-20,27
527309,-10096,4568,-12068,-415,-30,-15
527810,-10112,4544,-12120,-419,-19,75
528311,-10136,4500,-12112,-426,46,-66
528812,-10160,4600,-12216,-411,-19,25
529313,-10052,4440,-12136,-391,27,6
529814,-10028,4496,-12064,-404,-48,93
530315,-10136,4596,-12168,-399,18,9
530816,-10016,4584,-12072,-424,37,-39
531317,-10156,4592,-12100,-401,11,-25
531818,-10064,4496,-12060,-420,-34,-8
532319,-10204,4584,-12228,-400,-15,19
532820,-10076,4512,-12168,-441,-3,-35
533321,-10020,4620,-12036,-404,-24,18
533822,-10048,4548,-12100,-440,42,-31
534323,-10072,4608,-12224,-430,-30,3
534824,-10056,4568,-12232,-437,0,31
535325,-10100,4568,-12168,-452,-35,48
535826,-10096,4592,-12160,-420,-4,9
536327,-10024,4592,-12200,-421,11,16
536828,-10096,4592,-12120,-410,14,-27
537329,-10136,4544,-12112,-452,11,20
537830,-10168,4600,-12252,-436,-12,16
538331,-10168,4592,-12084,-448,-2,27
538832,-10008,4576,-12112,-428,9,28
539333,-10016,4652,-12164,-427,18,36
539834,-10060,4592,-12128,-413,-4,22
540335,-10072,4596,-12240,-427,16,11
540836,-10088,4648,-12124,-422,-24,35
541337,-10192,4512,-12076,-414,-19,-24
541838,-10112,4588,-12128,-410,-21,42
542339,-10052,4576,-12232,-419,2,-25
542840,-10028,4556,-12100,-428,-53,33
543341,-10160,4596,-12104,-388,14,17
543842,-10104,4564,-12080,-410,-23,17
544343,-10168,4492,-12156,-419,-35,23
544844,-10048,4504,-12132,-409,48,-27
545345,-10048,4540,-12124,-400,30,-34
545846,-10068,4580,-12200,-437,-13,-46
546347,-10136,4520,-12188,-419,10,44
546848,-10184,4536,-12184,-434,-21,-32
547349,-10116,4576,-12072,-442,40,-20
547850,-10156,4564,-12076,-443,-20,16
548351,-10216,4548,-12168,-398,40,-33
548852,-10144,4676,-12060,-424,38,-110
549353,-10148,4528,-12244,-395,-76,41
549854,-10096,4532,-12160,-424,33,12
550355,-10080,4536,-12220,-420,10,-18
550856,-10064,4604,-11960,-413,-20,-13
551357,-10060,4576,-12156,-401,37,-9
551858,-10056,4524,-12064,-408,17,-13
552359,-10104,4580,-12148,-430,-7,4
552860,-10156,4676,-12108,-434,-12,12
553361,-10080,4508,-12368,-433,-7,20
553862,-10104,4572,-12148,-404,-8,34
554363,-10104,4596,-12112,-446,-24,41
554864,-10036,4512,-12168,-422,-4,-10
555365,-10124,4536,-12108,-426,-30,-9
555866,-10064,4540,-12136,-400,-15,39
556367,-10168,4448,-12124,-402,-12,37
556868,-10012,4568,-12072,-413,-9,17
557369,-10084,4576,-12136,-400,-37,54
557870,-10092,4492,-11884,-420,6,-17
558371,-10120,4560,-12208,-445,-9,-5
558872,-10232,4588,-12088,-418,13,-2
559373,-10164,4584,-12032,-408,-35,30
559874,-10108,4592,-12200,-418,-19,-9
560375,-10028,4600,-12112,-435,44,-19
560876,-10036,4584,-12196,-395,55,-35
561377,-10216,4572,-12108,-419,-41,44
561878,-10168,4588,-12052,-432,15,-42
562379,-10040,4628,-12076,-429,-4,26
562880,-10020,4536,-12188,-417,-22,14
563381,-10080,4528,-12160,-429,-21,22
563882,-10100,4588,-12144,-409,-20,-1
564383,-10068,4544,-12108,-436,56,-27
564884,-10152,4516,-12296,-424,-18,13
565385,-10076,4504,-12144,-450,8,43
565886,-10076,4468,-12204,-394,-30,6
566387,-10120,4564,-12252,-382,-7,-62
566888,-10104,4532,-12224,-402,-43,81
567389,-10056,4576,-12148,-402,-10,7
567890,-10108,4612,-12048,-418,-41,14
568391,-10140,4664,-12216,-425,-4,-11
568892,-10092,4588,-12300,-461,-1,8
569393,-10052,4472,-12216,-412,30,12
569894,-10120,4532,-12024,-429,-15,16
570395,-10132,4508,-12148,-432,-30,62
570896,-10068,4492,-12104,-420,-10,-18
571397,-10184,4424,-12076,-408,9,5
571898,-10056,4556,-12188,-403,-19,37
572399,-10012,4504,-12100,-419,-14,30
572900,-10024,4600,-12088,-416,4,5
573401,-10092,4612,-12112,-430,-1,-3
573902,-10176,4532,-12216,-440,-70,79
574403,-10060,4592,-12300,-381,10,22
574904,-10128,4584,-12060,-393,9,25
575405,-10016,4600,-12280,-422,-6,51
575906,-10192,4560,-12156,-427,-22,-8
576407,-10172,4472,-12164,-417,-8,11
576908,-10088,4588,-12112,-426,-1,-8
577409,-10092,4528,-12228,-408,-99,110
577910,-10096,4580,-12164,-412,37,-46
578411,-10148,4608,-12152,-402,-15,58
578912,-10044,4520,-12312,-432,-4,-17
579413,-10140,4540,-12064,-423,6,69
579914,-10092,4580,-12284,-416,33,-7
580415,-10112,4568,-12156,-443,-32,44
580916,-10144,4532,-12148,-438,7,11
581417,-10068,4584,-12104,-442,-4,2
581918,-10140,4532,-12088,-414,-8,-5
582419,-10048,4484,-12132,-421,-5,22
582920,-10088,4576,-12164,-413,-16,-9
583421,-10096,4548,-12268,-396,64,-43
583922,-10048,4476,-12140,-433,-32,10
584423,-10048,4560,-12176,-434,-63,62
584924,-10132,4576,-12156,-400,-4,-15
585425,-10168,4516,-12144,-431,2,5
585926,-10120,4576,-12164,-423,-13,17
586427,-10072,4476,-12196,-437,-12,33
586928,-10068,4528,-12212,-398,-33,7
587429,-10124,4532,-12072,-434,-31,31
587930,-10072,4492,-12100,-409,18,4
588431,-10100,4596,-12140,-415,16,-19
588932,-10068,4452,-12084,-410,34,-2
589433,-10088,4612,-12040,-416,1,-20
589934,-10128,4580,-12204,-395,24,-3
590435,-10176,4612,-11984,-401,3,-6
590936,-10140,4556,-12148,-405,15,37
591437,-10176,4480,-12168,-408,-21,18
591938,-10036,4544,-12144,-429,2,-7
592439,-10208,4560,-12172,-432,-9,26
592940,-10104,4544,-12132,-389,6,-21
593441,-10020,4680,-12052,-377,20,-20
593942,-10140,4476,-12092,-421,28,-37
594443,-10032,4588,-12144,-415,-15,33
594944,-9992,4592,-12212,-448,15,16
595445,-10128,4524,-12116,-444,0,16
595946,-10076,4612,-12156,-430,-51,14
596447,-10032,4564,-12204,-432,-5,-10
596948,-10116,4520,-12180,-439,25,-37
597449,-10044,4500,-12068,-443,-55,42
597950,-10164,4496,-12240,-411,-4,8
598451,-10132,4536,-12088,-421,-4,20
598952,-9916,4620,-12120,-406,-10,15
599453,-10084,4564,-12020,-416,-28,67
599954,-10268,4612,-12244,-415,-34,74
600455,-10100,4528,-12108,-416,-106,157
600956,-10048,4528,-12096,-420,-15,32
601457,-10056,4604,-12188,-414,-3,-4
601958,-10008,4528,-12040,-444,-7,10
602459,-10176,4556,-12116,-428,-25,28
602960,-10000,4580,-12144,-437,-50,32
603461,-10036,4524,-11964,-412,-9,74
603962,-10080,4516,-12252,-376,15,22
604463,-10060,4588,-11968,-430,-30,15
604964,-10152,4580,-12112,-415,-1,11
605465,-10004,4536,-12128,-405,-44,31
605966,-10024,4516,-12092,-415,0,6
606467,-10096,4616,-12104,-431,7,-21
606968,-10124,4560,-12224,-406,29,-29
607469,-10052,4488,-12068,-423,12,14
607970,-10052,4548,-12176,-409,1,12
608471,-10136,4488,-12144,-418,-50,45
608972,-10060,4560,-12204,-421,-15,6
609473,-10104,4604,-12180,-417,24,8
609974,-10120,4504,-12224,-434,-1,21
610475,-10088,4652,-12232,-433,-37,-13
610976,-10144,4624,-12208,-423,-25,3
611477,-10100,4580,-12064,-406,-7,-10
611978,-10036,4588,-12028,-414,-29,10
612479,-10132,4496,-12100,-417,-49,43
612980,-10124,4520,-12120,-420,36,-39
613481,-10092,4588,-12132,-428,-15,45
613982,-10140,4476,-12096,-410,-8,54
614483,-10072,4652,-11964,-420,15,-5
614984,-10124,4524,-12244,-423,1,20
615485,-10048,4628,-12248,-430,-30,-6
615986,-10056,4532,-12204,-436,11,-5
616487,-10088,4660,-12136,-399,-19,-7
616988,-10176,4664,-12188,-413,-6,1
617489,-10072,4580,-12012,-441,-20,23
617990,-10140,4580,-12120,-409,-22,18
618491,-10076,4536,-11964,-423,-29,23
618992,-10032,4492,-12160,-390,12,18
619493,-10148,4544,-12224,-432,5,26
619994,-10064,4584,-12188,-412,-74,86
620495,-10120,4600,-12276,-428,12,0
620996,-10160,4676,-12096,-406,5,3
621497,-10100,4608,-12148,-452,-25,-38
621998,-10112,4572,-12168,-395,8,3
622499,-10076,4612,-12188,-442,15,1
623000,-10016,4504,-12076,-432,12,6
623501,-10072,4576,-12140,-410,-9,19
624002,-10112,4580,-12092,-422,-28,20
624503,-10124,4588,-12248,-428,-9,33
625004,-10184,4512,-12116,-432,-82,95
625505,-10072,4588,-12080,-421,-1,32
626006,-10056,4524,-12056,-424,-46,48
626507,-10152,4508,-12128,-432,-36,8
627008,-10112,4516,-12136,-403,-17,55
627509,-10064,4644,-12180,-437,-6,-10
628010,-10108,4588,-12200,-441,-51,-10
628511,-10020,4592,-12236,-427,-10,44
629012,-10028,4568,-12144,-438,12,-2
629513,-10016,4560,-12256,-413,-64,65
630014,-10196,4632,-12176,-429,-69,96
630515,-10156,4568,-11976,-427,2,14
631016,-9972,4588,-12020,-413,-3,-42
631517,-10260,4568,-12100,-408,-6,1
632018,-10040,4524,-12176,-414,8,8
632519,-10088,4556,-12052,-425,0,14
633020,-10032,4612,-12196,-454,-7,28
633521,-10248,4608,-12244,-423,-2,30
634022,-10072,4508,-12236,-436,-21,35
634523,-10060,4576,-12064,-436,-11,5
635024,-10164,4612,-12096,-412,13,33
635525,-10132,4584,-12124,-408,5,21
636026,-10008,4616,-12208,-458,-38,34
636527,-10008,4584,-12000,-443,27,8
637028,-10172,4544,-12100,-449,-32,18
637529,-10184,4496,-12084,-423,-2,12
638030,-10000,4568,-12112,-417,2,16
638531,-10144,4556,-12228,-429,24,-19
639032,-10096,4544,-12064,-421,-32,12
639533,-10084,4528,-12048,-422,-1,7
640034,-9984,4508,-12020,-418,13,-29
640535,-10148,4592,-12056,-435,-4,3
641036,-10064,4476,-12032,-414,11,-44
641537,-10136,4584,-12200,-438,29,-17
642038,-10080,4636,-11956,-425,-11,-23
642539,-10212,4516,-12184,-423,-12,67
643040,-10172,4564,-12100,-421,-16,54
643541,-10112,4524,-12200,-433,-20,24
644042,-10176,4524,-12220,-411,-61,30
644543,-9964,4548,-12172,-469,-48,6
645044,-10048,4504,-12100,-458,-32,-11
645545,-10076,4544,-12104,-444,-28,55
646046,-10120,4604,-12128,-430,-15,37
646547,-10188,4556,-12100,-403,-46,22
647048,-10012,4532,-12124,-450,-40,22
647549,-10056,4592,-12144,-387,25,19
648050,-10080,4524,-12200,-415,-27,19
648551,-10036,4640,-12024,-423,-30,28
649052,-10116,4504,-12132,-425,0,30
649553,-10132,4532,-12076,-449,12,-26
650054,-10084,4572,-12048,-431,5,7
650555,-10140,4596,-12152,-428,28,-25
651056,-10116,4556,-12216,-403,-8,35
651557,-10044,4612,-12304,-411,8,-9
652058,-10104,4624,-12096,-427,23,-47
652559,-10188,4568,-12104,-407,12,-17
653060,-10100,4672,-12240,-443,5,24
653561,-10112,4596,-12056,-417,-42,37
654062,-10108,4600,-12228,-424,0,-8
654563,-10112,4532,-12032,-411,31,-18
655064,-10124,4412,-12112,-454,-93,86
655565,-10052,4624,-12044,-426,-35,64
656066,-10064,4472,-12144,-422,-9,32
656567,-10144,4596,-12116,-429,-16,38
657068,-10084,4628,-12092,-426,-20,23
657569,-10128,4732,-12192,-432,-9,16
658070,-10092,4540,-11944,-428,-17,20
658571,-10052,4608,-12036,-418,-16,1
659072,-10104,4636,-12044,-450,-40,12
659573,-10152,4556,-11984,-423,-47,9
660074,-10184,4608,-12328,-397,10,26
660575,-10132,4536,-12124,-404,-28,20
661076,-10048,4616,-12124,-419,-24,32
661577,-10168,4472,-12160,-436,-11,21
662078,-10112,4596,-12160,-418,34,14
662579,-10112,4648,-12036,-438,-9,12
663080,-10128,4596,-12180,-407,-35,14
663581,-10112,4580,-12264,-410,2,30
664082,-10124,4596,-12144,-409,-25,35
664583,-10072,4656,-12296,-407,-52,46
665084,-10108,4568,-12140,-430,-22,28
665585,-10136,4536,-12104,-429,25,12
666086,-10048,4568,-12132,-420,-15,17
666587,-10124,4572,-12032,-396,18,-14
667088,-10196,4544,-12160,-442,-3,-20
667589,-10116,4568,-12120,-398,-29,8
668090,-10160,4584,-12024,-434,-1,-12
668591,-10068,4536,-12092,-431,-7,69
669092,-10080,4544,-12116,-429,-30,31
669593,-10144,4520,-12124,-421,-68,26
670094,-10136,4572,-12160,-419,30,-9
670595,-9948,4512,-12216,-401,-19,10
671096,-10188,4452,-12268,-389,-22,5
671597,-10096,4548,-12260,-448,6,-18
672098,-10120,4548,-12104,-459,-51,40
672599,-10104,4552,-12192,-397,-12,37
673100,-10096,4500,-12160,-426,21,-26
673601,-10136,4556,-12068,-412,-17,11
674102,-10080,4508,-12132,-432,-58,48
674603,-10080,4616,-12096,-415,-27,57
675104,-10136,4648,-12192,-398,-21,108
675605,-10140,4516,-12016,-435,-18,-7
676106,-10080,4560,-12188,-422,-14,14
676607,-10040,4548,-12084,-411,12,7
677108,-10096,4692,-12164,-421,94,-141
677609,-9992,4544,-12196,-402,17,8
678110,-10076,4584,-12176,-392,22,-36
678611,-10036,4476,-12184,-401,-17,30
679112,-10020,4568,-12204,-399,6,3
679613,-10036,4576,-12056,-430,23,-36
680114,-10128,4584,-12108,-415,-3,22
680615,-10004,4624,-12124,-411,-17,44
681116,-10024,4580,-12056,-421,44,-25
681617,-10104,4468,-12268,-432,-49,61
682118,-10248,4556,-12052,-442,-28,-2
682619,-10016,4612,-12140,-440,-24,30
683120,-9996,4508,-12168,-431,3,-13
683621,-10144,4564,-12052,-401,43,-63
684122,-10036,4488,-12116,-447,-30,44
684623,-10176,4624,-12244,-427,-1,20
685124,-10048,4560,-12296,-434,-30,31
685625,-10188,4600,-12152,-443,-74,73
686126,-10096,4592,-12152,-380,84,-95
686627,-10012,4600,-12192,-416,12,-23
687128,-10104,4604,-12104,-417,-7,-7
687629,-10088,4508,-12180,-411,-4,-1
688130,-10184,4564,-12100,-455,-24,20
688631,-10076,4572,-12224,-419,-65,40
689132,-10056,4524,-12124,-451,-27,45
689633,-10004,4576,-12196,-417,17,22
690134,-9952,4532,-12112,-441,35,-46
690635,-10176,4496,-12256,-426,28,-19
691136,-10072,4556,-12196,-410,-5,26
691637,-10164,4520,-12116,-391,23,-6
692138,-10076,4580,-12324,-434,28,2
692639,-10076,4564,-12140,-409,-17,-2
693140,-10192,4552,-12192,-437,5,13
693641,-10128,4544,-12048,-437,-23,17
694142,-10036,4584,-12132,-427,18,-15
694643,-10096,4648,-12112,-403,-25,4
695144,-10140,4608,-12236,-407,-28,48
695645,-10128,4600,-12204,-429,2,43
696146,-10140,4632,-12080,-426,151,-215
696647,-10184,4556,-12260,-439,-34,47
697148,-10008,4512,-12136,-413,-12,43
697649,-10104,4664,-12176,-398,23,-26
698150,-10068,4564,-12208,-426,-34,31
698651,-10144,4552,-12316,-434,16,39
699152,-10036,4620,-12220,-418,-4,-4
699653,-10168,4612,-12076,-413,-22,10
700154,-10068,4620,-12212,-382,-9,34
700655,-10104,4468,-12208,-423,-25,59
701156,-10152,4564,-12236,-428,-5,16
701657,-10100,4564,-12056,-431,28,-30
702158,-10104,4476,-12128,-445,-41,64
702659,-10148,4532,-12184,-421,15,32
703160,-9976,4444,-12220,-438,-55,73
703661,-10128,4576,-12036,-404,37,11
704162,-10052,4540,-12012,-431,27,7
704663,-10116,4608,-12112,-408,-47,-7
705164,-10084,4644,-12192,-406,-40,69
705665,-10004,4572,-12192,-422,1,-17
706166,-10076,4580,-12080,-402,-23,47
706667,-10052,4540,-12168,-431,-48,4
707168,-10016,4564,-12200,-447,-9,7
707669,-10224,4592,-12204,-447,40,-20
708170,-10072,4600,-12192,-404,-17,29
708671,-10076,4464,-12132,-418,15,-13
709172,-9988,4560,-12156,-432,-31,44
709673,-10056,4628,-12220,-427,42,-46
710174,-10116,4576,-12172,-399,10,-26
710675,-10008,4512,-12236,-409,-28,61
711176,-10088,4500,-12196,-455,-1,34
711677,-10056,4580,-12204,-431,34,-54
712178,-10024,4556,-12180,-419,6,-8
712679,-10080,4572,-12144,-429,-47,46
713180,-10128,4564,-12192,-429,25,-4
713681,-10136,4672,-12196,-431,41,-22
714182,-10032,4540,-12160,-428,-27,27
714683,-10060,4608,-12088,-449,-7,13
715184,-10064,4496,-12140,-426,4,23
715685,-10040,4568,-12120,-452,8,0
716186,-10196,4600,-12208,-413,-12,37
716687,-10068,4476,-12212,-429,-43,57
717188,-10120,4572,-12192,-434,-2,24
717689,-10004,4632,-12072,-400,-17,-13
718190,-10092,4492,-12228,-439,-12,17
718691,-10060,4568,-12068,-380,19,5
719192,-10172,4556,-12236,-415,-26,23
719693,-10104,4488,-12104,-413,5,11
720194,-10036,4604,-12100,-405,27,-29
720695,-10068,4592,-12308,-405,-5,21
721196,-10072,4488,-12052,-396,-18,17
721697,-9996,4592,-12204,-428,0,6
722198,-10040,4636,-12092,-425,-73,59
722699,-10120,4664,-12116,-431,29,-26
723200,-10156,4528,-12252,-444,14,19
723701,-10092,4608,-12036,-441,-13,-13
724202,-10200,4552,-12120,-414,-6,29
724703,-10152,4616,-12124,-422,-67,68
725204,-10184,4620,-12124,-458,-4,2
725705,-10144,4608,-12060,-457,-9,-40
726206,-10112,4596,-12204,-391,3,0
726707,-10136,4544,-12280,-404,49,-70
727208,-10092,4528,-12168,-443,-64,55
727709,-10156,4532,-12140,-420,74,-63
728210,-10176,4508,-12116,-444,-20,12
728711,-10096,4572,-12184,-415,-2,-6
729212,-10060,4528,-12160,-433,-39,103
729713,-10060,4612,-12140,-405,3,13
730214,-10084,4500,-12144,-427,-33,26
730715,-10044,4500,-12068,-436,-52,66
731216,-10192,4620,-12196,-427,65,-97
731717,-10184,4580,-12048,-424,-79,57
732218,-10116,4632,-12112,-439,16,-38
732719,-10132,4652,-12120,-416,12,28
733220,-10072,4560,-12208,-427,-10,-29
733721,-10128,4512,-12220,-411,15,-68
734222,-10060,4576,-12048,-414,22,-19
734723,-10020,4584,-12252,-406,-27,39
735224,-10124,4548,-12304,-419,-67,110
735725,-10204,4564,-12032,-421,-34,75
736226,-10064,4548,-12084,-445,-12,-12
736727,-10108,4504,-12180,-426,-14,25
737228,-10080,4572,-12088,-436,-3,1
737729,-10084,4548,-12136,-403,9,-10
738230,-10108,4520,-12176,-460,-1,48
738731,-10088,4592,-12200,-431,-8,23
739232,-10088,4600,-12200,-422,34,21
739733,-10088,4652,-12292,-434,1,-31
740234,-10180,4528,-12024,-420,9,-10
740735,-10172,4532,-12140,-411,-21,14
741236,-10104,4476,-12256,-432,43,-61
741737,-10136,4536,-12188,-424,1,-11
742238,-10140,4452,-12080,-437,8,4
742739,-10080,4516,-12172,-420,-21,-12
743240,-10236,4580,-12144,-497,-12,-56
743741,-10064,4540,-12240,-422,40,-50
744242,-10084,4540,-12128,-452,-29,33
744743,-10140,4584,-12180,-405,-11,31
745244,-10156,4540,-12208,-422,-21,-8
745745,-10076,4520,-12096,-424,1,31
746246,-10068,4496,-12212,-382,-41,63
746747,-10072,4600,-12140,-419,-8,51
747248,-10116,4480,-12264,-430,39,-12
747749,-10024,4544,-12212,-414,-65,65
748250,-10096,4576,-12208,-450,0,25
748751,-10124,4640,-12188,-413,6,-16
749252,-10096,4596,-12100,-419,-1,-5
749753,-10080,4636,-12152,-406,-29,27
750254,-10100,4600,-12140,-431,-19,29
750755,-10080,4540,-12116,-429,-4,28
751256,-10108,4592,-12036,-396,39,-25
751757,-10024,4604,-12180,-421,-15,9
752258,-10152,4528,-12104,-432,-4,12
752759,-10200,4632,-12156,-398,-32,16
753260,-10096,4596,-12116,-415,-38,55
753761,-10096,4576,-12112,-426,10,20
754262,-10172,4540,-12128,-450,4,20
754763,-10092,4548,-12180,-410,-40,38
755264,-10216,4576,-12132,-443,-10,16
755765,-10040,4508,-12124,-433,-14,-26
756266,-9992,4608,-12200,-405,-60,63
756767,-10176,4644,-12168,-416,-11,20
757268,-10200,4648,-12152,-413,-12,-6
757769,-10092,4568,-12076,-458,6,9
758270,-10056,4532,-12112,-475,24,45
758771,-10108,4572,-12216,-423,-32,56
759272,-10108,4580,-12232,-438,-6,-14
759773,-10120,4588,-12140,-421,-27,11
760274,-10140,4532,-12188,-388,2,8
760775,-9992,4560,-12160,-399,-30,32
761276,-10168,4608,-12112,-431,-5,9
761777,-10120,4552,-11948,-385,38,10
762278,-10068,4480,-12044,-411,-37,23
762779,-10132,4548,-12180,-438,36,-19
763280,-10128,4448,-12224,-421,-27,31
763781,-10076,4592,-12276,-431,39,-6
764282,-10048,4580,-12204,-421,-2,13
764783,-10120,4400,-12060,-430,-10,7
765284,-10052,4492,-12152,-412,16,33
765785,-10116,4548,-12136,-424,-2,19
766286,-10092,4540,-12084,-400,-18,-6
766787,-10052,4560,-12156,-426,-11,4
767288,-10048,4584,-12216,-425,-23,5
767789,-10088,4496,-12112,-434,-26,3
768290,-10016,4536,-12148,-421,31,33
768791,-10124,4532,-12152,-403,9,41
769292,-10140,4560,-12128,-420,-9,-2
769793,-10048,4560,-12172,-416,-19,32
770294,-10184,4512,-12164,-437,8,38
770795,-10040,4604,-12252,-426,-29,18
771296,-10040,4464,-12232,-434,4,-36
771797,-10168,4532,-12124,-424,31,-23
772298,-10080,4516,-12120,-453,-37,6
772799,-9980,4516,-11992,-446,-36,53
773300,-10196,4584,-12264,-417,-34,29
773801,-10192,4496,-12252,-435,-15,10
774302,-10060,4624,-12052,-413,4,-2
774803,-10044,4564,-12184,-430,-46,44
775304,-10168,4576,-12068,-397,-4,40
775805,-10084,4524,-12112,-423,-36,23
776306,-10160,4552,-12096,-423,3,-3
776807,-9996,4608,-12172,-392,-20,62
777308,-10092,4612,-12136,-397,-63,67
777809,-10096,4592,-12132,-419,2,28
778310,-10192,4544,-12108,-399,-18,23
778811,-10104,4560,-12244,-404,-8,31
779312,-10248,4616,-12088,-406,-25,27
779813,-10168,4544,-12116,-426,45,-17
780314,-10056,4528,-12184,-453,-5,1
780815,-10140,4580,-11992,-415,32,-14
781316,-10040,4572,-12184,-424,-37,76
781817,-10112,4548,-12304,-434,-90,53
782318,-10152,4488,-12280,-389,-67,66
782819,-10056,4608,-12152,-444,10,25
783320,-10088,4516,-12140,-448,-34,16
783821,-10120,4584,-12304,-426,-19,-10
784322,-10096,4492,-12184,-403,-6,22
784823,-10148,4528,-12000,-429,-75,86
785324,-10144,4660,-12148,-429,-32,3
785825,-10112,4644,-12172,-427,-30,63
786326,-10136,4576,-12148,-379,-6,13
786827,-10116,4596,-12036,-427,-16,5
787328,-10172,4532,-12208,-434,-12,19
787829,-10068,4528,-12072,-421,-7,3
788330,-10128,4572,-12208,-426,-36,21
788831,-10180,4544,-12096,-414,-12,1
789332,-10172,4520,-12236,-419,14,2
789833,-10116,4556,-12152,-421,0,31
790334,-10036,4584,-12068,-420,13,5
790835,-10100,4584,-12044,-432,12,33
791336,-10052,4560,-12244,-411,36,-58
791837,-10044,4652,-12260,-419,51,-45
792338,-10044,4616,-12024,-414,3,2
792839,-10076,4488,-12132,-414,2,55
793340,-10112,4668,-12132,-416,3,-40
793841,-10152,4576,-12216,-409,34,-51
794342,-10128,4596,-12284,-405,9,46
794843,-10088,4552,-12168,-414,2,27
795344,-10208,4580,-12172,-417,15,39
795845,-10032,4584,-12188,-425,21,0
796346,-10116,4596,-12056,-413,-2,-17
796847,-10120,4560,-12164,-420,1,-31
797348,-10184,4660,-12140,-423,8,-16
797849,-10104,4612,-12092,-426,-25,19
798350,-10080,4548,-12008,-436,-13,-13
798851,-10032,4604,-12140,-406,-12,41
799352,-10052,4472,-12200,-411,-17,12
799853,-10104,4576,-12164,-411,-4,-3
800354,-10120,4544,-12080,-415,-38,39
800855,-10052,4576,-12316,-402,91,-98
801356,-10068,4624,-12160,-388,46,-82
801857,-10092,4540,-12052,-444,-38,-4
802358,-10124,4608,-12076,-443,47,-44
802859,-10100,4576,-12236,-433,-18,27
803360,-10108,4596,-12232,-424,20,2
803861,-10032,4516,-12144,-398,14,32
804362,-10096,4632,-12072,-434,33,-13
804863,-10024,4616,-12092,-426,-5,9
805364,-10040,4548,-12144,-408,16,-18
805865,-10120,4552,-12232,-419,-7,23
806366,-9996,4472,-12096,-423,-39,38
806867,-10096,4560,-12328,-417,-13,21
807368,-10164,4608,-12116,-404,18,39
807869,-10168,4548,-12120,-383,-37,121
808370,-10204,4584,-12176,-410,-24,31
808871,-10172,4540,-12132,-422,12,-11
809372,-10136,4636,-12248,-403,47,-20
809873,-10064,4672,-12196,-422,-30,44
810374,-10096,4552,-12048,-404,43,-28
810875,-10088,4592,-12144,-457,40,-44
811376,-9992,4492,-12104,-418,-47,106
811877,-10132,4640,-12248,-415,-9,16
812378,-10060,4536,-12228,-426,13,-17
812879,-10088,4636,-12156,-407,55,-88
813380,-10144,4620,-12048,-435,-14,4
813881,-10040,4608,-12216,-430,12,-4
814382,-10212,4584,-12188,-441,3,-32
814883,-10120,4576,-12112,-420,13,-23
815384,-10184,4628,-12280,-416,7,9
815885,-10188,4612,-12168,-423,-28,39
816386,-10068,4620,-12144,-393,-13,30
816887,-10144,4536,-12140,-419,-2,-15
817388,-10168,4656,-12176,-397,-14,24
817889,-10076,4492,-11960,-422,-17,-3
818390,-10088,4576,-12056,-419,-4,-14
818891,-10076,4556,-12104,-444,-3,23
819392,-10092,4544,-12260,-408,-10,41
819893,-10120,4608,-12080,-414,-21,48
820394,-10140,4532,-12124,-416,-2,40
820895,-10136,4552,-12140,-426,19,-36
821396,-10048,4544,-12164,-385,15,12
821897,-10212,4504,-12088,-428,24,-45
822398,-10120,4596,-12104,-407,-26,30
822899,-10160,4588,-12160,-399,-37,89
823400,-10168,4524,-12160,-400,9,24
823901,-10116,4560,-12204,-419,2,38
824402,-10060,4584,-12148,-409,32,-25
824903,-10228,4564,-12160,-443,-1,22
825404,-10056,4568,-12140,-430,10,24
825905,-10096,4576,-12176,-422,-45,14
826406,-10104,4612,-12196,-363,-71,21
826907,-10056,4504,-12188,-444,4,-70
827408,-10140,4612,-12100,-441,14,-8
827909,-10072,4512,-12144,-421,1,-6
828410,-10140,4484,-12192,-417,39,-37
828911,-10132,4456,-12160,-407,19,-51
829412,-10020,4496,-12112,-412,7,4
829913,-10128,4620,-12140,-428,-24,47
830414,-10136,4628,-12284,-447,-10,27
830915,-10088,4608,-12008,-422,-28,22
831416,-10144,4616,-12220,-427,-10,14
831917,-10080,4596,-12196,-426,-15,7
832418,-10032,4592,-12052,-427,15,10
832919,-10044,4568,-12152,-418,-36,35
833420,-10120,4544,-12112,-404,-2,26
833921,-10172,4648,-12068,-405,-19,-9
834422,-10036,4596,-12084,-420,-30,15
834923,-10056,4596,-12116,-412,-25,39
835424,-10144,4488,-12052,-428,-27,-4
835925,-10128,4560,-12076,-385,-32,3
836426,-10072,4592,-12176,-432,39,-66
836927,-10100,4592,-12100,-415,-8,8
837428,-10036,4612,-12240,-419,-30,45
837929,-10008,4608,-12120,-413,44,-53
838430,-10040,4612,-12088,-454,-24,-44
838931,-10164,4556,-12232,-442,-38,28
839432,-10128,4564,-12116,-419,20,7
839933,-10128,4508,-12044,-423,-2,42
840434,-10080,4476,-12052,-421,-36,61
840935,-10032,4516,-12192,-414,-51,16
841436,-10004,4492,-12100,-397,-40,37
841937,-10168,4624,-12184,-430,6,25
842438,-10060,4568,-12216,-388,1,4
842939,-10072,4588,-12192,-408,-10,25
843440,-10088,4576,-12108,-410,14,-24
843941,-9996,4592,-12064,-430,-27,18
844442,-10100,4536,-12168,-431,-3,66
844943,-10164,4520,-12012,-417,-11,9
845444,-10108,4576,-12196,-435,-21,13
845945,-10048,4516,-12180,-425,-4,31
846446,-10100,4612,-12176,-406,88,-110
846947,-10160,4608,-12188,-437,-20,9
847448,-10152,4600,-12144,-401,-8,-9
847949,-10132,4644,-12136,-390,-11,9
848450,-10136,4564,-12136,-428,-19,18
848951,-10184,4512,-12148,-425,-16,15
849452,-10060,4468,-12040,-438,-5,6
849953,-10132,4520,-12148,-401,5,1
850454,-10168,4596,-12024,-434,-54,3
850955,-10104,4560,-12316,-435,-2,41
851456,-10136,4440,-12204,-441,-33,23
851957,-10052,4532,-12132,-437,-2,-8
852458,-10084,4484,-12164,-399,-21,4
852959,-10136,4560,-12140,-394,-25,25
853460,-10048,4588,-12100,-419,-54,-43
853961,-10132,4492,-12160,-449,-54,41
854462,-10092,4628,-12300,-441,-46,61
854963,-10172,4576,-12112,-435,-48,74
855464,-10136,4620,-12268,-442,15,-9
855965,-10176,4560,-12148,-420,-21,52
856466,-9988,4640,-12128,-436,-29,21
856967,-10076,4612,-12088,-409,-28,19
857468,-10208,4588,-12312,-412,24,-11
857969,-10064,4624,-12192,-433,-30,13
858470,-10100,4576,-12164,-433,-20,9
858971,-9972,4616,-12096,-398,60,-64
859472,-10112,4576,-12092,-410,20,3
859973,-10064,4524,-12196,-401,31,-62
860474,-10020,4564,-12140,-430,-17,-1
860975,-10152,4568,-12128,-438,25,28
861476,-10096,4556,-12088,-425,-35,22
861977,-10160,4544,-12056,-431,-7,33
862478,-10168,4600,-12148,-419,-2,3
862979,-10132,4716,-12060,-417,22,-32
863480,-10044,4512,-12148,-443,-32,15
863981,-10092,4452,-12112,-447,-14,54
864482,-10072,4520,-12064,-406,48,-72
864983,-10076,4648,-12140,-406,-8,-18
865484,-10144,4544,-12240,-434,-8,13
865985,-10064,4568,-12212,-408,8,35
866486,-10092,4636,-12344,-422,5,-23
866987,-10096,4496,-12132,-435,24,-55
867488,-10040,4596,-12088,-406,-6,36
867989,-10048,4584,-12136,-415,5,7
868490,-10080,4468,-12132,-420,-46,72
868991,-10088,4576,-12036,-414,25,20
869492,-10080,4528,-12136,-442,-40,52
869993,-10108,4548,-12024,-408,-82,66
870494,-10136,4532,-12196,-454,-14,8
870995,-10152,4652,-12332,-428,-28,34
871496,-10144,4552,-12144,-417,16,-11
871997,-10124,4440,-12084,-433,-13,-9
872498,-10148,4612,-12132,-425,-32,89
872999,-10200,4540,-12068,-430,20,4
873500,-10112,4580,-12180,-460,-28,-8
874001,-10032,4548,-12120,-416,28,-19
874502,-10104,4556,-12092,-416,-2,10
875003,-10032,4612,-12156,-404,17,15
875504,-10052,4496,-12072,-412,-12,45
876005,-10204,4620,-12068,-424,4,11
876506,-10140,4488,-12160,-405,-28,30
877007,-10060,4576,-12060,-453,-110,128
877508,-10092,4588,-12316,-404,-22,8
878009,-10120,4524,-12164,-422,-9,-12
878510,-10144,4504,-12160,-380,31,-11
879011,-10040,4528,-12252,-443,-26,40
879512,-10164,4564,-12132,-461,-56,89
880013,-10156,4660,-12112,-413,-1,41
880514,-10168,4560,-12192,-417,-14,-7
881015,-10128,4612,-12160,-425,4,-26
881516,-10116,4512,-12104,-415,-16,15
882017,-10096,4616,-12188,-394,1,15
882518,-10040,4468,-12152,-412,28,-17
883019,-10184,4592,-12316,-391,4,5
883520,-10144,4544,-12156,-455,-33,11
884021,-10088,4540,-12160,-442,5,68
884522,-10112,4564,-12252,-440,-2,3
885023,-10088,4592,-12244,-413,-6,-9
885524,-10136,4516,-12208,-422,-4,17
""
